"sku_id","filename"
"1000011590392-Green-Sage","1000011590392-Green-Sage-1000011590392_05-2100.jpg"
"1000012497624-Black-Black","1000012497624-Black-Black-1000012497624_03-2100.jpg"
"1000012497624-Black-Black","1000012497624-Black-Black-1000012497624_05-2100.jpg"
"1000012508711-Black-Black","1000012508711-Black-Black-1000012508711_01-2100.jpg"
"1000012508711-Black-Black","1000012508711-Black-Black-1000012508711_04-2100.jpg"
"1000013385097-Blue-MidBlue","1000013385097-Blue-MidBlue-1000013385097_03-2100.jpg"
"1000013385097-Grey-LightGrey","1000013385097-Grey-LightGrey-1000013385097_03-2100.jpg"
"1000014684331-Blue-Navy","1000014684331-Blue-Navy-1000014684331_01-2100.jpg"
"1000014684331-Blue-Navy","1000014684331-Blue-Navy-1000014684331_03-2100.jpg"
"1000014684331-Blue-Navy","1000014684331-Blue-Navy-1000014684331_04-2100.jpg"
"1000014684331-Blue-Navy","1000014684331-Blue-Navy-1000014684331_05-2100.jpg"
"1000014684331-Yellow-Yellow","1000014684331-Yellow-Yellow-1000014684331_01-2100.jpg"
"1000014684331-Yellow-Yellow","1000014684331-Yellow-Yellow-1000014684331_03-2100.jpg"
"1000014684331-Yellow-Yellow","1000014684331-Yellow-Yellow-1000014684331_04-2100.jpg"
"1000014704742-Green-Green","1000014704742-Green-Green-1000014704742_06-2100.jpg"
"1000014768253-Black-Black","1000014768253-Black-Black-1000014768253_01-2100.jpg"
"1000014768253-Black-Black","1000014768253-Black-Black-1000014768253_04-2100.jpg"
"1000014768253-Black-Black","1000014768253-Black-Black-1000014768253_06-2100.jpg"
"1000014819388-Black-Black","1000014819388-Black-Black-1000014819388_07-2100.jpg"
"1000015310712-Grey-GreyMelange","1000015310712-Grey-GreyMelange-1000015310712_01-2100.jpg"
"1000015311833-Black-Black","1000015311833-Black-Black-1000015311833_01-2100.jpg"
"1000015311833-Black-Black","1000015311833-Black-Black-1000015311833_02-2100.jpg"
"1000015493417-Brown-Brown","1000015493417-Brown-Brown-1000015493417_05-2100.jpg"
"1000015529238-Beige-Beige","1000015529238-Beige-Beige-1000015529238_01-2100.jpg"
"1000015529238-Beige-Beige","1000015529238-Beige-Beige-1000015529238_02-2100.jpg"
"1000015529238-Beige-Beige","1000015529238-Beige-Beige-1000015529238_03-2100.jpg"
"1000015529238-Beige-Beige","1000015529238-Beige-Beige-1000015529238_04-2100.jpg"
"1000015565210-Beige-Beige","1000015565210-Beige-Beige-1000015565210_05-2100.jpg"
"1000015565223-Blue-Navy","1000015565223-Blue-Navy-1000015565223_06-2100.jpg"
"1000015565340-Blue-Blue","1000015565340-Blue-Blue-1000015565340_01-2100.jpg"
"1000015565340-Blue-Blue","1000015565340-Blue-Blue-1000015565340_02-2100.jpg"
"1000015565340-Blue-Blue","1000015565340-Blue-Blue-1000015565340_03-2100.jpg"
"1000015565340-Blue-Blue","1000015565340-Blue-Blue-1000015565340_04-2100.jpg"
"1000015565420-Grey-Charcoal","1000015565420-Grey-Charcoal-1000015565420_03-2100.jpg"
"1000015565420-Grey-Charcoal","1000015565420-Grey-Charcoal-1000015565420_04-2100.jpg"
"1000015566213-Green-Sage","1000015566213-Green-Sage-1000015566213_05-2100.jpg"
"1000015566213-Green-Sage","1000015566213-Green-Sage-1000015566213_06-2100.jpg"
"1000015566277-Black-Black","1000015566277-Black-Black-1000015566277_01-2100.jpg"
"1000015566277-Black-Black","1000015566277-Black-Black-1000015566277_05-2100.jpg"
"1000015566277-Black-Black","1000015566277-Black-Black-1000015566277_06-2100.jpg"
"1000015568189-Black-Black","1000015568189-Black-Black-1000015568189_05-2100.jpg"
"1000015568566-Purple-DarkMauve","1000015568566-Purple-DarkMauve-1000015568566_01-2100.jpg"
"1000015568566-Purple-DarkMauve","1000015568566-Purple-DarkMauve-1000015568566_02-2100.jpg"
"1000015568566-Purple-DarkMauve","1000015568566-Purple-DarkMauve-1000015568566_03-2100.jpg"
"1000015568605-Grey-Grey","1000015568605-Grey-Grey-1000015568605_01-2100.jpg"
"1000015568605-Grey-Grey","1000015568605-Grey-Grey-1000015568605_05-2100.jpg"
"1000015568605-Grey-Grey","1000015568605-Grey-Grey-1000015568605_06-2100.jpg"
"1000015568965-Yellow-Yellow","1000015568965-Yellow-Yellow-1000015568965_01-2100.jpg"
"1000015569052-Black-Black","1000015569052-Black-Black-1000015569052_01-2100.jpg"
"1000015569052-Black-Black","1000015569052-Black-Black-1000015569052_02-2100.jpg"
"1000015569052-Black-Black","1000015569052-Black-Black-1000015569052_03-2100.jpg"
"1000015569052-Black-Black","1000015569052-Black-Black-1000015569052_04-2100.jpg"
"1000015569227-Green-Olive","1000015569227-Green-Olive-1000015569227_03-2100.jpg"
"1000015581646-Grey-Charcoal","1000015581646-Grey-Charcoal-1000015581646_01-2100.jpg"
"1000015581646-Grey-Charcoal","1000015581646-Grey-Charcoal-1000015581646_02-2100.jpg"
"1000015581646-Grey-Charcoal","1000015581646-Grey-Charcoal-1000015581646_03-2100.jpg"
"1000015581646-Grey-Charcoal","1000015581646-Grey-Charcoal-1000015581646_04-2100.jpg"
"1000015610815-Yellow-Yellow","1000015610815-Yellow-Yellow-1000015610815_01-2100.jpg"
"1000015610815-Yellow-Yellow","1000015610815-Yellow-Yellow-1000015610815_02-2100.jpg"
"1000015610865-Brown-Brown","1000015610865-Brown-Brown-1000015610865_03-2100.jpg"
"1000015611766-Brown-Brown","1000015611766-Brown-Brown-1000015611766_06-2100.jpg"
"1000015611816-Purple-Mauve","1000015611816-Purple-Mauve-1000015611816_06-2100.jpg"
"1000015612120-Brown-Brown","1000015612120-Brown-Brown-1000015612120_01-2100.jpg"
"1000015612120-Brown-Brown","1000015612120-Brown-Brown-1000015612120_05-2100.jpg"
"1000015659439-Orange-Orange","1000015659439-Orange-Orange-1000015659439_04-2100.jpg"
"1000015685666-Green-Green","1000015685666-Green-Green-1000015685666_01-2100.jpg"
"1000015685666-Green-Green","1000015685666-Green-Green-1000015685666_02-2100.jpg"
"1000015685666-Green-Green","1000015685666-Green-Green-1000015685666_03-2100.jpg"
"1000015685666-Green-Green","1000015685666-Green-Green-1000015685666_04-2100.jpg"
"1000015685666-Green-Green","1000015685666-Green-Green-1000015685666_06-2100.jpg"
"1000015803268-Beige-Beige","1000015803268-Beige-Beige-1000015803268_01-2100.jpg"
"1000015803268-Beige-Beige","1000015803268-Beige-Beige-1000015803268_02-2100.jpg"
"1000015803268-Beige-Beige","1000015803268-Beige-Beige-1000015803268_04-2100.jpg"
"1000015814143-Beige-Beige","1000015814143-Beige-Beige-1000015814143_01-2100.jpg"
"1000015814143-Beige-Beige","1000015814143-Beige-Beige-1000015814143_02-2100.jpg"
"1000015814143-Beige-Beige","1000015814143-Beige-Beige-1000015814143_03-2100.jpg"
"1000015814143-Beige-Beige","1000015814143-Beige-Beige-1000015814143_04-2100.jpg"
"1000015814143-Beige-Beige","1000015814143-Beige-Beige-1000015814143_05-2100.jpg"
"1000015814143-Beige-Beige","1000015814143-Beige-Beige-1000015814143_06-2100.jpg"
"1000015861676-Green-DarkGreen","1000015861676-Green-DarkGreen-1000015861676_01-2100.jpg"
"1000015861676-Green-DarkGreen","1000015861676-Green-DarkGreen-1000015861676_02-2100.jpg"
"1000015861676-Green-DarkGreen","1000015861676-Green-DarkGreen-1000015861676_04-2100.jpg"
"1000015970781-Yellow-Yellow","1000015970781-Yellow-Yellow-1000015970781_02-2100.jpg"
"1000015970781-Yellow-Yellow","1000015970781-Yellow-Yellow-1000015970781_05-2100.jpg"
"1000015970818-Blue-Navy","1000015970818-Blue-Navy-1000015970818_02-2100.jpg"
"1000015970818-Blue-Navy","1000015970818-Blue-Navy-1000015970818_05-2100.jpg"
"1000015970818-Blue-Navy","1000015970818-Blue-Navy-1000015970818_06-2100.jpg"
"1000015980610-Blue-DarkBlue","1000015980610-Blue-DarkBlue-1000015980610_01-2100.jpg"
"1000016041129-Blue-LightBlue","1000016041129-Blue-LightBlue-1000016041129_04-2100.jpg"
"1000016041129-Yellow-Yellow","1000016041129-Yellow-Yellow-1000016041129_04-2100.jpg"
"1000016064185-Blue-SkyBlue","1000016064185-Blue-SkyBlue-1000016064185_05-2100.jpg"
"1000016082873-Brown-Brown","1000016082873-Brown-Brown-1000016082873_04-2100.jpg"
"1000016084768-Black-Black","1000016084768-Black-Black-1000016084768_05-2100.jpg"
"1000016084768-Black-Black","1000016084768-Black-Black-1000016084768_06-2100.jpg"
"1000016111193-Orange-Orange","1000016111193-Orange-Orange-1000016111193_01-2100.jpg"
"1000016111193-Orange-Orange","1000016111193-Orange-Orange-1000016111193_02-2100.jpg"
"1000016111193-Orange-Orange","1000016111193-Orange-Orange-1000016111193_03-2100.jpg"
"1000016111193-Orange-Orange","1000016111193-Orange-Orange-1000016111193_04-2100.jpg"
"1000016122801-Yellow-Mustard","1000016122801-Yellow-Mustard-1000016122801_06-2100.jpg"
"1000016139831-Red-Rust","1000016139831-Red-Rust-1000016139831_01-2100.jpg"
"1000016139831-Red-Rust","1000016139831-Red-Rust-1000016139831_03-2100.jpg"
"1000016139831-Red-Rust","1000016139831-Red-Rust-1000016139831_04-2100.jpg"
"1000016139831-Red-Rust","1000016139831-Red-Rust-1000016139831_05-2100.jpg"
"1000016139831-Red-Rust","1000016139831-Red-Rust-1000016139831_06-2100.jpg"
"1000016139870-Red-Rust","1000016139870-Red-Rust-1000016139870_01-2100.jpg"
"1000016139870-Red-Rust","1000016139870-Red-Rust-1000016139870_05-2100.jpg"
"1000016139870-Red-Rust","1000016139870-Red-Rust-1000016139870_06-2100.jpg"
"1000016139883-Black-Black","1000016139883-Black-Black-1000016139883_01-2100.jpg"
"1000016139883-Black-Black","1000016139883-Black-Black-1000016139883_04-2100.jpg"
"1000016139883-Black-Black","1000016139883-Black-Black-1000016139883_05-2100.jpg"
"1000016139883-Black-Black","1000016139883-Black-Black-1000016139883_06-2100.jpg"
"1000016206112-Green-Green","1000016206112-Green-Green-1000016206112_04-2100.jpg"
"1000016233437-Blue-Teal","1000016233437-Blue-Teal-1000016233437_02-2100.jpg"
"1000016233437-Blue-Teal","1000016233437-Blue-Teal-1000016233437_05-2100.jpg"
"1000016233437-Red-Rust","1000016233437-Red-Rust-1000016233437_01-2100.jpg"
"1000016233437-Red-Rust","1000016233437-Red-Rust-1000016233437_05-2100.jpg"
"1000016233460-Green-Green","1000016233460-Green-Green-1000016233460_01-2100.jpg"
"1000016233460-Green-Green","1000016233460-Green-Green-1000016233460_02-2100.jpg"
"1000016233460-Green-Green","1000016233460-Green-Green-1000016233460_04-2100.jpg"
"1000016233460-Green-Green","1000016233460-Green-Green-1000016233460_06-2100.jpg"
"1000016233477-Green-Green","1000016233477-Green-Green-1000016233477_01-2100.jpg"
"1000016233477-Green-Green","1000016233477-Green-Green-1000016233477_02-2100.jpg"
"1000016233477-Green-Green","1000016233477-Green-Green-1000016233477_03-2100.jpg"
"1000016233477-Green-Green","1000016233477-Green-Green-1000016233477_04-2100.jpg"
"1000016233477-Green-Green","1000016233477-Green-Green-1000016233477_05-2100.jpg"
"1000016233477-Red-Rust","1000016233477-Red-Rust-1000016233477_02-2100.jpg"
"1000016233477-Red-Rust","1000016233477-Red-Rust-1000016233477_03-2100.jpg"
"1000016233477-Red-Rust","1000016233477-Red-Rust-1000016233477_04-2100.jpg"
"1000016233477-Red-Rust","1000016233477-Red-Rust-1000016233477_05-2100.jpg"
"1000016233594-Beige-Beige","1000016233594-Beige-Beige-1000016233594_01-2100.jpg"
"1000016233594-Beige-Beige","1000016233594-Beige-Beige-1000016233594_02-2100.jpg"
"1000016233594-Beige-Beige","1000016233594-Beige-Beige-1000016233594_05-2100.jpg"
"1000016233594-Beige-Beige","1000016233594-Beige-Beige-1000016233594_06-2100.jpg"
"1000016235173-Brown-Brown","1000016235173-Brown-Brown-1000016235173_01-2100.jpg"
"1000016235217-Black-Black","1000016235217-Black-Black-1000016235217_01-2100.jpg"
"1000016235217-Black-Black","1000016235217-Black-Black-1000016235217_02-2100.jpg"
"1000016235217-Black-Black","1000016235217-Black-Black-1000016235217_03-2100.jpg"
"1000016235217-Black-Black","1000016235217-Black-Black-1000016235217_04-2100.jpg"
"1000016235217-Black-Black","1000016235217-Black-Black-1000016235217_05-2100.jpg"
"1000016235217-Black-Black","1000016235217-Black-Black-1000016235217_06-2100.jpg"
"1000016235250-Pink-Pink","1000016235250-Pink-Pink-1000016235250_01-2100.jpg"
"1000016235250-Pink-Pink","1000016235250-Pink-Pink-1000016235250_02-2100.jpg"
"1000016235250-Pink-Pink","1000016235250-Pink-Pink-1000016235250_04-2100.jpg"
"1000016235272-Green-Green","1000016235272-Green-Green-1000016235272_01-2100.jpg"
"1000016235272-Green-Green","1000016235272-Green-Green-1000016235272_02-2100.jpg"
"1000016235272-Green-Green","1000016235272-Green-Green-1000016235272_04-2100.jpg"
"1000016235307-Blue-Blue","1000016235307-Blue-Blue-1000016235307_01-2100.jpg"
"1000016235332-Black-Black","1000016235332-Black-Black-1000016235332_01-2100.jpg"
"1000016235332-Black-Black","1000016235332-Black-Black-1000016235332_02-2100.jpg"
"1000016235332-Black-Black","1000016235332-Black-Black-1000016235332_03-2100.jpg"
"1000016235332-Black-Black","1000016235332-Black-Black-1000016235332_04-2100.jpg"
"1000016235343-Black-Black","1000016235343-Black-Black-1000016235343_01-2100.jpg"
"1000016235343-Black-Black","1000016235343-Black-Black-1000016235343_02-2100.jpg"
"1000016235343-Black-Black","1000016235343-Black-Black-1000016235343_04-2100.jpg"
"1000016235343-Black-Black","1000016235343-Black-Black-1000016235343_05-2100.jpg"
"1000016235476-Black-Black","1000016235476-Black-Black-1000016235476_02-2100.jpg"
"1000016235501-Blue-Blue","1000016235501-Blue-Blue-1000016235501_01-2100.jpg"
"1000016235501-Blue-Blue","1000016235501-Blue-Blue-1000016235501_03-2100.jpg"
"1000016235501-Blue-Blue","1000016235501-Blue-Blue-1000016235501_04-2100.jpg"
"1000016235512-Brown-Stone","1000016235512-Brown-Stone-1000016235512_01-2100.jpg"
"1000016235512-Brown-Stone","1000016235512-Brown-Stone-1000016235512_02-2100.jpg"
"1000016235512-Brown-Stone","1000016235512-Brown-Stone-1000016235512_04-2100.jpg"
"1000016235594-Blue-Blue","1000016235594-Blue-Blue-1000016235594_02-2100.jpg"
"1000016235594-Blue-Blue","1000016235594-Blue-Blue-1000016235594_04-2100.jpg"
"1000016235631-Pink-BabyPink","1000016235631-Pink-BabyPink-1000016235631_01-2100.jpg"
"1000016235631-Pink-BabyPink","1000016235631-Pink-BabyPink-1000016235631_04-2100.jpg"
"1000016235631-Pink-BabyPink","1000016235631-Pink-BabyPink-1000016235631_06-2100.jpg"
"1000016235851-Blue-Navy","1000016235851-Blue-Navy-1000016235851_03-2100.jpg"
"1000016235851-Blue-Navy","1000016235851-Blue-Navy-1000016235851_04-2100.jpg"
"1000016235851-Blue-Navy","1000016235851-Blue-Navy-1000016235851_05-2100.jpg"
"1000016235851-Grey-Grey","1000016235851-Grey-Grey-1000016235851_01-2100.jpg"
"1000016235851-Grey-Grey","1000016235851-Grey-Grey-1000016235851_04-2100.jpg"
"1000016235851-Grey-Grey","1000016235851-Grey-Grey-1000016235851_05-2100.jpg"
"1000016235862-Black-Black","1000016235862-Black-Black-1000016235862_01-2100.jpg"
"1000016235862-Black-Black","1000016235862-Black-Black-1000016235862_02-2100.jpg"
"1000016235862-Black-Black","1000016235862-Black-Black-1000016235862_03-2100.jpg"
"1000016235862-Black-Black","1000016235862-Black-Black-1000016235862_04-2100.jpg"
"1000016235973-Grey-Charcoal","1000016235973-Grey-Charcoal-1000016235973_03-2100.jpg"
"1000016235973-Grey-Charcoal","1000016235973-Grey-Charcoal-1000016235973_04-2100.jpg"
"1000016235973-Grey-Charcoal","1000016235973-Grey-Charcoal-1000016235973_05-2100.jpg"
"1000016235984-Blue-Navy","1000016235984-Blue-Navy-1000016235984_01-2100.jpg"
"1000016235984-Blue-Navy","1000016235984-Blue-Navy-1000016235984_02-2100.jpg"
"1000016235984-Blue-Navy","1000016235984-Blue-Navy-1000016235984_03-2100.jpg"
"1000016235984-Blue-Navy","1000016235984-Blue-Navy-1000016235984_04-2100.jpg"
"1000016236024-Green-Mint","1000016236024-Green-Mint-1000016236024_01-2100.jpg"
"1000016236024-Green-Mint","1000016236024-Green-Mint-1000016236024_03-2100.jpg"
"1000016236024-Green-Mint","1000016236024-Green-Mint-1000016236024_05-2100.jpg"
"1000016236731-Blue-Navy","1000016236731-Blue-Navy-1000016236731_01-2100.jpg"
"1000016236744-Green-Sage","1000016236744-Green-Sage-1000016236744_04-2100.jpg"
"1000016236908-Black-Black","1000016236908-Black-Black-1000016236908_01-2100.jpg"
"1000016236908-Black-Black","1000016236908-Black-Black-1000016236908_02-2100.jpg"
"1000016237372-Brown-Brown","1000016237372-Brown-Brown-1000016237372_01-2100.jpg"
"1000016237372-Brown-Brown","1000016237372-Brown-Brown-1000016237372_02-2100.jpg"
"1000016237372-Brown-Brown","1000016237372-Brown-Brown-1000016237372_03-2100.jpg"
"1000016237435-Blue-Navy","1000016237435-Blue-Navy-1000016237435_01-2100.jpg"
"1000016237435-Blue-Navy","1000016237435-Blue-Navy-1000016237435_02-2100.jpg"
"1000016237435-Blue-Navy","1000016237435-Blue-Navy-1000016237435_04-2100.jpg"
"1000016237435-Blue-Navy","1000016237435-Blue-Navy-1000016237435_05-2100.jpg"
"1000016237435-Grey-LightGrey","1000016237435-Grey-LightGrey-1000016237435_01-2100.jpg"
"1000016237435-Grey-LightGrey","1000016237435-Grey-LightGrey-1000016237435_03-2100.jpg"
"1000016237435-Grey-LightGrey","1000016237435-Grey-LightGrey-1000016237435_04-2100.jpg"
"1000016237435-Grey-LightGrey","1000016237435-Grey-LightGrey-1000016237435_06-2100.jpg"
"1000016237477-Blue-Navy","1000016237477-Blue-Navy-1000016237477_01-2100.jpg"
"1000016237477-Blue-Navy","1000016237477-Blue-Navy-1000016237477_02-2100.jpg"
"1000016237477-Blue-Navy","1000016237477-Blue-Navy-1000016237477_04-2100.jpg"
"1000016237498-Green-DarkGreen","1000016237498-Green-DarkGreen-1000016237498_01-2100.jpg"
"1000016237498-Green-DarkGreen","1000016237498-Green-DarkGreen-1000016237498_02-2100.jpg"
"1000016237498-Green-DarkGreen","1000016237498-Green-DarkGreen-1000016237498_05-2100.jpg"
"1000016237519-Black-Black","1000016237519-Black-Black-1000016237519_01-2100.jpg"
"1000016237519-Black-Black","1000016237519-Black-Black-1000016237519_02-2100.jpg"
"1000016237519-Black-Black","1000016237519-Black-Black-1000016237519_04-2100.jpg"
"1000016237982-Black-Black","1000016237982-Black-Black-1000016237982_02-2100.jpg"
"1000016237982-Black-Black","1000016237982-Black-Black-1000016237982_03-2100.jpg"
"1000016238138-Beige-Beige","1000016238138-Beige-Beige-1000016238138_03-2100.jpg"
"1000016238216-Black-Black","1000016238216-Black-Black-1000016238216_01-2100.jpg"
"1000016238216-Black-Black","1000016238216-Black-Black-1000016238216_05-2100.jpg"
"1000016238229-Brown-Brown","1000016238229-Brown-Brown-1000016238229_01-2100.jpg"
"1000016238229-Brown-Brown","1000016238229-Brown-Brown-1000016238229_02-2100.jpg"
"1000016238229-Brown-Brown","1000016238229-Brown-Brown-1000016238229_05-2100.jpg"
"1000016238229-Brown-Brown","1000016238229-Brown-Brown-1000016238229_06-2100.jpg"
"1000016238513-Blue-Navy","1000016238513-Blue-Navy-1000016238513_01-2100.jpg"
"1000016238513-Blue-Navy","1000016238513-Blue-Navy-1000016238513_02-2100.jpg"
"1000016238513-Blue-Navy","1000016238513-Blue-Navy-1000016238513_03-2100.jpg"
"1000016238513-Blue-Navy","1000016238513-Blue-Navy-1000016238513_04-2100.jpg"
"1000016238564-Beige-Cream","1000016238564-Beige-Cream-1000016238564_01-2100.jpg"
"1000016238564-Beige-Cream","1000016238564-Beige-Cream-1000016238564_03-2100.jpg"
"1000016238564-Beige-Cream","1000016238564-Beige-Cream-1000016238564_04-2100.jpg"
"1000016238577-Grey-DarkGrey","1000016238577-Grey-DarkGrey-1000016238577_01-2100.jpg"
"1000016238577-Grey-DarkGrey","1000016238577-Grey-DarkGrey-1000016238577_03-2100.jpg"
"1000016238577-Grey-DarkGrey","1000016238577-Grey-DarkGrey-1000016238577_04-2100.jpg"
"1000016238590-Red-Red","1000016238590-Red-Red-1000016238590_01-2100.jpg"
"1000016238590-Red-Red","1000016238590-Red-Red-1000016238590_02-2100.jpg"
"1000016238590-Red-Red","1000016238590-Red-Red-1000016238590_03-2100.jpg"
"1000016238590-Red-Red","1000016238590-Red-Red-1000016238590_04-2100.jpg"
"1000016238616-Red-Red","1000016238616-Red-Red-1000016238616_01-2100.jpg"
"1000016238616-Red-Red","1000016238616-Red-Red-1000016238616_03-2100.jpg"
"1000016238616-Red-Red","1000016238616-Red-Red-1000016238616_04-2100.jpg"
"1000016238616-Red-Red","1000016238616-Red-Red-1000016238616_06-2100.jpg"
"1000016238729-Black-Black","1000016238729-Black-Black-1000016238729_01-2100.jpg"
"1000016238729-Black-Black","1000016238729-Black-Black-1000016238729_02-2100.jpg"
"1000016238729-Black-Black","1000016238729-Black-Black-1000016238729_04-2100.jpg"
"1000016238729-Green-DarkGreen","1000016238729-Green-DarkGreen-1000016238729_01-2100.jpg"
"1000016238729-Green-DarkGreen","1000016238729-Green-DarkGreen-1000016238729_02-2100.jpg"
"1000016238729-Green-DarkGreen","1000016238729-Green-DarkGreen-1000016238729_03-2100.jpg"
"1000016238792-Black-Black","1000016238792-Black-Black-1000016238792_02-2100.jpg"
"1000016238905-Yellow-Mustard","1000016238905-Yellow-Mustard-1000016238905_03-2100.jpg"
"1000016238905-Yellow-Mustard","1000016238905-Yellow-Mustard-1000016238905_05-2100.jpg"
"1000016238930-Grey-LightGrey","1000016238930-Grey-LightGrey-1000016238930_01-2100.jpg"
"1000016238930-Red-Red","1000016238930-Red-Red-1000016238930_01-2100.jpg"
"1000016238930-Red-Red","1000016238930-Red-Red-1000016238930_04-2100.jpg"
"1000016239020-Blue-Teal","1000016239020-Blue-Teal-1000016239020_01-2100.jpg"
"1000016239020-Blue-Teal","1000016239020-Blue-Teal-1000016239020_02-2100.jpg"
"1000016239020-Blue-Teal","1000016239020-Blue-Teal-1000016239020_04-2100.jpg"
"1000016239066-Black-Black","1000016239066-Black-Black-1000016239066_01-2100.jpg"
"1000016239066-Black-Black","1000016239066-Black-Black-1000016239066_03-2100.jpg"
"1000016239066-Black-Black","1000016239066-Black-Black-1000016239066_04-2100.jpg"
"1000016239066-Green-Sage","1000016239066-Green-Sage-1000016239066_02-2100.jpg"
"1000016239066-Green-Sage","1000016239066-Green-Sage-1000016239066_03-2100.jpg"
"1000016239174-Purple-Mauve","1000016239174-Purple-Mauve-1000016239174_01-2100.jpg"
"1000016239174-Purple-Mauve","1000016239174-Purple-Mauve-1000016239174_02-2100.jpg"
"1000016239174-Purple-Mauve","1000016239174-Purple-Mauve-1000016239174_03-2100.jpg"
"1000016239174-Purple-Mauve","1000016239174-Purple-Mauve-1000016239174_04-2100.jpg"
"1000016239174-Purple-Mauve","1000016239174-Purple-Mauve-1000016239174_05-2100.jpg"
"1000016258838-Grey-Grey","1000016258838-Grey-Grey-1000016258838_01-2100.jpg"
"1000016258838-Grey-Grey","1000016258838-Grey-Grey-1000016258838_02-2100.jpg"
"1000016258838-Grey-Grey","1000016258838-Grey-Grey-1000016258838_04-2100.jpg"
"1000016284820-Blue-Navy","1000016284820-Blue-Navy-1000016284820_01-2100.jpg"
"1000016284820-Blue-Navy","1000016284820-Blue-Navy-1000016284820_02-2100.jpg"
"1000016284820-Blue-Navy","1000016284820-Blue-Navy-1000016284820_04-2100.jpg"
"1000016284845-Blue-LightBlue","1000016284845-Blue-LightBlue-1000016284845_01-2100.jpg"
"1000016284845-Blue-LightBlue","1000016284845-Blue-LightBlue-1000016284845_03-2100.jpg"
"1000016284845-Blue-LightBlue","1000016284845-Blue-LightBlue-1000016284845_04-2100.jpg"
"1000016284936-Black-Black","1000016284936-Black-Black-1000016284936_01-2100.jpg"
"1000016284936-Black-Black","1000016284936-Black-Black-1000016284936_02-2100.jpg"
"1000016284936-Black-Black","1000016284936-Black-Black-1000016284936_03-2100.jpg"
"1000016284936-Black-Black","1000016284936-Black-Black-1000016284936_05-2100.jpg"
"1000016289051-Grey-Grey","1000016289051-Grey-Grey-1000016289051_01-2100.jpg"
"1000016289051-Grey-Grey","1000016289051-Grey-Grey-1000016289051_02-2100.jpg"
"1000016289051-Grey-Grey","1000016289051-Grey-Grey-1000016289051_03-2100.jpg"
"1000016289051-Grey-Grey","1000016289051-Grey-Grey-1000016289051_04-2100.jpg"
"1000016331405-Brown-Brown","1000016331405-Brown-Brown-1000016331405_01-2100.jpg"
"1000016331405-Brown-Brown","1000016331405-Brown-Brown-1000016331405_05-2100.jpg"
"1000016331431-Purple-Mauve","1000016331431-Purple-Mauve-1000016331431_05-2100.jpg"
"1000016331470-Yellow-Yellow","1000016331470-Yellow-Yellow-1000016331470_01-2100.jpg"
"1000016331470-Yellow-Yellow","1000016331470-Yellow-Yellow-1000016331470_02-2100.jpg"
"1000016331470-Yellow-Yellow","1000016331470-Yellow-Yellow-1000016331470_03-2100.jpg"
"1000016331470-Yellow-Yellow","1000016331470-Yellow-Yellow-1000016331470_04-2100.jpg"
"1000016331470-Yellow-Yellow","1000016331470-Yellow-Yellow-1000016331470_05-2100.jpg"
"1000016391847-Blue-LightBlue","1000016391847-Blue-LightBlue-1000016391847_02-2100.jpg"
"1000016391847-Blue-LightBlue","1000016391847-Blue-LightBlue-1000016391847_03-2100.jpg"
"1000016393803-Yellow-Yellow","1000016393803-Yellow-Yellow-1000016393803_01-2100.jpg"
"1000016393803-Yellow-Yellow","1000016393803-Yellow-Yellow-1000016393803_03-2100.jpg"
"1000016393803-Yellow-Yellow","1000016393803-Yellow-Yellow-1000016393803_04-2100.jpg"
"1000016414947-Beige-Beige","1000016414947-Beige-Beige-1000016414947_02-2100.jpg"
"1000016414947-Beige-Beige","1000016414947-Beige-Beige-1000016414947_03-2100.jpg"
"1000016414947-Beige-Beige","1000016414947-Beige-Beige-1000016414947_05-2100.jpg"
"1000016417532-Black-Black","1000016417532-Black-Black-1000016417532_01-2100.jpg"
"1000016417532-Black-Black","1000016417532-Black-Black-1000016417532_04-2100.jpg"
"1000016417532-Black-Black","1000016417532-Black-Black-1000016417532_05-2100.jpg"
"1000016417571-Red-Rust","1000016417571-Red-Rust-1000016417571_01-2100.jpg"
"1000016417571-Red-Rust","1000016417571-Red-Rust-1000016417571_02-2100.jpg"
"1000016417571-Red-Rust","1000016417571-Red-Rust-1000016417571_05-2100.jpg"
"1000016418039-Blue-Blue","1000016418039-Blue-Blue-1000016418039_01-2100.jpg"
"1000016418039-Blue-Blue","1000016418039-Blue-Blue-1000016418039_02-2100.jpg"
"1000016418039-Blue-Blue","1000016418039-Blue-Blue-1000016418039_04-2100.jpg"
"1000016418065-Brown-Brown","1000016418065-Brown-Brown-1000016418065_04-2100.jpg"
"1000016418065-Brown-Brown","1000016418065-Brown-Brown-1000016418065_05-2100.jpg"
"1000016451699-Black-Black","1000016451699-Black-Black-1000016451699_01-2100.jpg"
"1000016451699-Black-Black","1000016451699-Black-Black-1000016451699_03-2100.jpg"
"1000016451699-Black-Black","1000016451699-Black-Black-1000016451699_04-2100.jpg"
"1000016452002-Blue-Teal","1000016452002-Blue-Teal-1000016452002_01-2100.jpg"
"1000016452002-Blue-Teal","1000016452002-Blue-Teal-1000016452002_03-2100.jpg"
"1000016452002-Blue-Teal","1000016452002-Blue-Teal-1000016452002_04-2100.jpg"
"1000016452130-Blue-Navy","1000016452130-Blue-Navy-1000016452130_01-2100.jpg"
"1000016452130-Blue-Navy","1000016452130-Blue-Navy-1000016452130_02-2100.jpg"
"1000016452130-Blue-Navy","1000016452130-Blue-Navy-1000016452130_03-2100.jpg"
"1000016452130-Blue-Navy","1000016452130-Blue-Navy-1000016452130_04-2100.jpg"
"1000016452154-Grey-LightGrey","1000016452154-Grey-LightGrey-1000016452154_01-2100.jpg"
"1000016452154-Grey-LightGrey","1000016452154-Grey-LightGrey-1000016452154_03-2100.jpg"
"1000016452154-Grey-LightGrey","1000016452154-Grey-LightGrey-1000016452154_04-2100.jpg"
"1000016461926-Beige-Beige","1000016461926-Beige-Beige-1000016461926_01-2100.jpg"
"1000016461926-Beige-Beige","1000016461926-Beige-Beige-1000016461926_04-2100.jpg"
"1000016464098-Blue-Navy","1000016464098-Blue-Navy-1000016464098_03-2100.jpg"
"1000016464098-Blue-Navy","1000016464098-Blue-Navy-1000016464098_04-2100.jpg"
"1000016487637-Grey-Grey","1000016487637-Grey-Grey-1000016487637_04-2100.jpg"
"1000016511521-Green-Green","1000016511521-Green-Green-1000016511521_01-2100.jpg"
"1000016511521-Green-Green","1000016511521-Green-Green-1000016511521_02-2100.jpg"
"1000016511521-Green-Green","1000016511521-Green-Green-1000016511521_03-2100.jpg"
"1000016511521-Green-Green","1000016511521-Green-Green-1000016511521_04-2100.jpg"
"1000016511521-Green-Olive","1000016511521-Green-Olive-1000016511521_01-2100.jpg"
"1000016511521-Green-Olive","1000016511521-Green-Olive-1000016511521_02-2100.jpg"
"1000016511521-Green-Olive","1000016511521-Green-Olive-1000016511521_03-2100.jpg"
"1000016511521-Green-Olive","1000016511521-Green-Olive-1000016511521_04-2100.jpg"
"1000016511533-Grey-Grey","1000016511533-Grey-Grey-1000016511533_02-2100.jpg"
"1000016511533-Grey-Grey","1000016511533-Grey-Grey-1000016511533_06-2100.jpg"
"1000016521012-Purple-Purple","1000016521012-Purple-Purple-1000016521012_06-2100.jpg"
"1000016522538-Black-Black","1000016522538-Black-Black-1000016522538_04-2100.jpg"
"1000016522651-Black-Black","1000016522651-Black-Black-1000016522651_02-2100.jpg"
"1000016522651-Black-Black","1000016522651-Black-Black-1000016522651_05-2100.jpg"
"1000016522693-Blue-Blue","1000016522693-Blue-Blue-1000016522693_01-2100.jpg"
"1000016522693-Blue-Blue","1000016522693-Blue-Blue-1000016522693_02-2100.jpg"
"1000016522693-Blue-Blue","1000016522693-Blue-Blue-1000016522693_03-2100.jpg"
"1000016522693-Blue-Blue","1000016522693-Blue-Blue-1000016522693_04-2100.jpg"
"1000016522700-Black-Black","1000016522700-Black-Black-1000016522700_01-2100.jpg"
"1000016522700-Black-Black","1000016522700-Black-Black-1000016522700_02-2100.jpg"
"1000016522700-Black-Black","1000016522700-Black-Black-1000016522700_03-2100.jpg"
"1000016522700-Black-Black","1000016522700-Black-Black-1000016522700_04-2100.jpg"
"1000016531304-Beige-Beige","1000016531304-Beige-Beige-1000016531304_01-2100.jpg"
"1000016531304-Beige-Beige","1000016531304-Beige-Beige-1000016531304_02-2100.jpg"
"1000016531304-Beige-Beige","1000016531304-Beige-Beige-1000016531304_03-2100.jpg"
"1000016531304-Beige-Beige","1000016531304-Beige-Beige-1000016531304_04-2100.jpg"
"1000016531304-Beige-Beige","1000016531304-Beige-Beige-1000016531304_05-2100.jpg"
"1000016531304-Beige-Beige","1000016531304-Beige-Beige-1000016531304_06-2100.jpg"
"1000016543652-Brown-Brown","1000016543652-Brown-Brown-1000016543652_01-2100.jpg"
"1000016543652-Brown-Brown","1000016543652-Brown-Brown-1000016543652_02-2100.jpg"
"1000016543652-Brown-Brown","1000016543652-Brown-Brown-1000016543652_03-2100.jpg"
"1000016543652-Brown-Brown","1000016543652-Brown-Brown-1000016543652_04-2100.jpg"
"1000016581547-Grey-Grey","1000016581547-Grey-Grey-1000016581547_01-2100.jpg"
"1000016581547-Grey-Grey","1000016581547-Grey-Grey-1000016581547_02-2100.jpg"
"1000016581547-Grey-Grey","1000016581547-Grey-Grey-1000016581547_03-2100.jpg"
"1000016581547-Grey-Grey","1000016581547-Grey-Grey-1000016581547_04-2100.jpg"
"1000016581553-Brown-Brown","1000016581553-Brown-Brown-1000016581553_02-2100.jpg"
"1000016581553-Brown-Brown","1000016581553-Brown-Brown-1000016581553_05-2100.jpg"
"1000016581553-Brown-Brown","1000016581553-Brown-Brown-1000016581553_06-2100.jpg"
"1000016581608-Blue-Blue","1000016581608-Blue-Blue-1000016581608_01-2100.jpg"
"1000016581608-Blue-Blue","1000016581608-Blue-Blue-1000016581608_03-2100.jpg"
"1000016581608-Blue-Blue","1000016581608-Blue-Blue-1000016581608_04-2100.jpg"
"1000016581614-Multicolour-Mlti","1000016581614-Multicolour-Mlti-1000016581614_01-2100.jpg"
"1000016581614-Multicolour-Mlti","1000016581614-Multicolour-Mlti-1000016581614_02-2100.jpg"
"1000016581614-Multicolour-Mlti","1000016581614-Multicolour-Mlti-1000016581614_03-2100.jpg"
"1000016581614-Multicolour-Mlti","1000016581614-Multicolour-Mlti-1000016581614_04-2100.jpg"
"1000016581614-Multicolour-Mlti","1000016581614-Multicolour-Mlti-1000016581614_06-2100.jpg"
"1000016581620-Multicolour-Mlti","1000016581620-Multicolour-Mlti-1000016581620_03-2100.jpg"
"1000016602933-Grey-Grey","1000016602933-Grey-Grey-1000016602933_05-2100.jpg"
"1000016602951-Multicolour-Mlti","1000016602951-Multicolour-Mlti-1000016602951_01-2100.jpg"
"1000016602951-Multicolour-Mlti","1000016602951-Multicolour-Mlti-1000016602951_02-2100.jpg"
"1000016602951-Multicolour-Mlti","1000016602951-Multicolour-Mlti-1000016602951_04-2100.jpg"
"1000016603865-Pink-Peach","1000016603865-Pink-Peach-1000016603865_04-2100.jpg"
"1000016603899-Blue-DarkBlue","1000016603899-Blue-DarkBlue-1000016603899_01-2100.jpg"
"1000016603899-Blue-DarkBlue","1000016603899-Blue-DarkBlue-1000016603899_04-2100.jpg"
"1000016603899-Red-Red","1000016603899-Red-Red-1000016603899_04-2100.jpg"
"1000016630820-Blue-Blue","1000016630820-Blue-Blue-1000016630820_06-2100.jpg"
"1000016639916-Green-Green","1000016639916-Green-Green-1000016639916_04-2100.jpg"
"1000016639923-Blue-LightBlue","1000016639923-Blue-LightBlue-1000016639923_04-2100.jpg"
